ID,Reference,figure number,Ichnogenus,Period,Epoch,Group,SizeBin,CS,FL-CM
adams 2010 1,"Adams et al., 2010",Fig. 6,NA,Cretaceous,"Cretaceous, Early",Theropoda,The3,92.77,61.46
avanzini 2011 1,"Avanzini et al., 2012",Fig. 1A,Anchisauripus,Jurassic,"Jurassic, Late",Theropoda,The1,19.72,15.58
avanzini 2011 3,"Avanzini et al., 2012",Fig. 1B,NA,Jurassic,"Jurassic, Late",Theropoda,The2,33.77,20.23
barco 2005 1,"Barco et al., 2005",Fig. 3,Iberosauripus,Cretaceous,"Cretaceous, Early",Theropoda,The3,98.67,62.67
belvedere 2010 1,"Belvedere et al., 2010",Fig. 5B,Megalosauripus,Jurassic,"Jurassic, Late",Theropoda,The2,44.78,29.96
belvedere 2010 2,"Belvedere et al., 2010",Fig. 8D,NA,Jurassic,"Jurassic, Late",Theropoda,The2,35.06,23.4
belvedere 2010 3,"Belvedere et al., 2010",Fig. 4B,NA,Jurassic,"Jurassic, Late",Ornithischia,Orn2,40.8,23.09
calvo 1991 1,"Calvo, 1991",Fig. 9,Abelichnus,Cretaceous,NA,Theropoda,The3,63.09,39.16
calvo 1991 3,"Calvo, 1991",Fig. 4 (left),Limayichnus,Cretaceous,NA,Ornithischia,Orn3,91.58,57.3
castanera 2013 1,"Castanera et al., 2013a",Fig. 4D,NA,Cretaceous,"Cretaceous, Early",Ornithischia,Orn2,37.91,21.97
castanera 2013 2,"Castanera et al., 2013a",Fig. 7D,NA,Cretaceous,"Cretaceous, Early",Ornithischia,Orn2,37.71,22.28
castanera 2013b 1,"Castanera et al., 2013b",Fig. 6A (first track),NA,NA,NA,Ornithischia,Orn2,35.45,23.17
castanera 2013b 2,"Castanera et al., 2013b",Fig. 9B,NA,NA,NA,Ornithischia,Orn1,18.15,12.67
contessi 2013 1,"Contessi, 2013",Fig. 5K,NA,Cretaceous,"Cretaceous, Late",Theropoda,The1,24.91,17.27
currie 1991 1,"Currie et al., 1991",Fig. 4,Caririchnium,Cretaceous,NA,Ornithischia,Orn3,78.84,45.74
currie 1991 2,"Currie et al., 1991",Fig. 5,Hadrosauropodus,Cretaceous,"Cretaceous, Late",Ornithischia,Orn3,105.14,54.26
dalla-vecchia 2000 1,"Dalla Vecchia et al., 2000",Fig. 8C (PUII-T1-4),NA,Cretaceous,"Cretaceous, Early",Theropoda,The2,28.12,20.32
dalla-vecchia 2000 2,"Dalla Vecchia et al., 2000",Fig. 8D (SOLI-T1-7),NA,Cretaceous,"Cretaceous, Early",Theropoda,The2,27.13,19.28
dalla-vecchia 2000 3,"Dalla Vecchia et al., 2000",Fig. 8P (SOLII-189),NA,Cretaceous,"Cretaceous, Early",Theropoda,The1,24.06,17.54
dalman 2013 1,"Dalman and Weems, 2013",Fig. 7B,Anomoepus,Jurassic,"Jurassic, Early",Ornithischia,Orn1,3.77,2.65
dalman 2013 2,"Dalman and Weems, 2013",Fig. 43,Anomoepus,Jurassic,"Jurassic, Early",Ornithischia,Orn1,4.2,2.81
ellenberger 1972 1,"Ellenberger, 1972",Planche II (23),Boisutrisauropus,Triassiv,"Triassic, Late",Theropoda,The3,64.22,38.75
ellenberger 1972 2,"Ellenberger, 1972",Planche IV (44 A),Deuterotrisauropus,Jurassic,"Jurassic, Early",Theropoda,The3,49.18,30.47
ellenberger 1972 3,"Ellenberger, 1972",Planche IV (44 B),Deuterotrisauropus,Triassic,"Triassic, Late",Theropoda,The3,57.79,39.73
ellenberger 1972 4,"Ellenberger, 1972",Planche IV (45 A),Mafatrisauropus,Jurassic,"Jurassic, Early",Theropoda,The3,59.76,37.48
ellenberger 1974 1,"Ellenberger, 1974",Planche A (right),Neotrisauropus,Jurassic,"Jurassic, Early",Theropoda,The2,33.03,22.9
ellenberger 1974 2,"Ellenberger, 1974",Planche C (right),Moyenisauropus,Jurassic,"Jurassic, Early",Ornithischia,Orn2,35.28,19.23
ellenberger 1974 3,"Ellenberger, 1974",Planche D (left),Moyenisauropus,Jurassic,"Jurassic, Early",Ornithischia,Orn2,30.87,18.74
ellenberger 1974 4,"Ellenberger, 1974",Planche E (bottom right),Moyenisauropus,Jurassic,"Jurassic, Early",Ornithischia,Orn1,28.46,16.98
ellenberger 1974 5,"Ellenberger, 1974",Planche E (top middle),Moyenisauropus,Jurassic,"Jurassic, Early",Ornithischia,Orn1,17.09,10.9
ellenberger 1974 6,"Ellenberger, 1974",Planche J (top right),Neotrisauropus,Jurassic,"Jurassic, Early",Theropoda,The2,29.23,20.26
ellenberger 1974 7,"Ellenberger, 1974",Planche K (bottom left),Moyenisauropus,Jurassic,"Jurassic, Early",Ornithischia,Orn1,17.4,9.06
ellenberger 1974 8,"Ellenberger, 1974",Planche N (bottom middle),Masitisisauropus,Jurassic,"Jurassic, Early",Theropoda,The1,14.12,9.19
fanti 2013 1,"Fanti et al., 2013",Fig. 5B,NA,Cretaceous,"Cretaceous, Late",Theropoda,The3,79.71,43.27
foster 2000 1,"Foster et al., 2000",Fig. 4A,NA,Jurassic,"Jurassic, Middle",Theropoda,The3,63.44,42.12
foster 2006 1,"Foster and Lockley, 2006",Fig. 5A,NA,Jurassic,"Jurassic, Late",Theropoda,The1,16.76,11.76
foster 2006 2,"Foster and Lockley, 2006",Fig. 6C,NA,Jurassic,"Jurassic, Late",Theropoda,The3,63.91,40.06
foster 2006 3,"Foster and Lockley, 2006",Fig. 3 (track 4),NA,Jurassic,"Jurassic, Late",Ornithischia,Orn1,14.58,9.03
foster 2015 1,"Foster, 2015",Fig. 3B,Hispanosauropus,Jurassic,"Jurassic, Late",Theropoda,The3,74.2,49.43
fuentes-vidarte 1998 1,"Fuentes Vidarte and Meijide Calvo, 1998",Fig. 3,Kalohipus,Cretaceous,"Cretaceous, Early",Theropoda,The1,10.89,7.31
fuentes-vidarte 1998 2,"Fuentes Vidarte and Meijide Calvo, 1998",Fig. 3,Kalohipus,Cretaceous,"Cretaceous, Early",Theropoda,The1,9.6,6.74
fujita 2007 1,"Fujita et al., 2007",Fig. 5 (A43-sketch),NA,Jurassic,"Jurassic, Late",Theropoda,The1,4.82,3.61
fujita 2007 2,"Fujita et al., 2007",Fig. 6 (B1-sketch),NA,Jurassic,"Jurassic, Late",Theropoda,The1,17.5,12.86
fujita 2007 3,"Fujita et al., 2007",Fig. 6 (C14-sketch),NA,Jurassic,"Jurassic, Late",Theropoda,The1,20.53,14.91
gand 2005 1,"Gand et al., 2005",Fig. 1 (21),Coelurosaurichnus,Triassic,"Triassic, Late",NA,NA,13.87,9.06
gand 2005 2,"Gand et al., 2005",Fig. 2 (13),Grallator,Triassic,"Triassic, Late",Theropoda,The2,26.5,16.41
gand 2005 3,"Gand et al., 2005",Fig. 2 (18),Eubrontes,Triassic,"Triassic, Late",Theropoda,The2,42.08,25.74
gaston 2003 1,"Gaston et al., 2003",Fig. 6 (7),Grallator,Triassic,"Triassic, Late",Theropoda,The1,8.36,5.99
gaston 2003 2,"Gaston et al., 2003",Fig. 6 (4),Grallator,Triassic,"Triassic, Late",Theropoda,The1,9.51,6.73
gatesy 1999 1,"Gatesy et al., 1999",Fig. 1A,Grallator,Triassic,"Triassic, Late",Theropoda,The1,26.09,17.38
gierlinski 1991 1,"Gierliński, 1991",Fig. 2A,Eubrontes,Jurassic,"Jurassic, Early",Theropoda,The2,30.45,18.48
gierlinski 1991 2,"Gierliński, 1991",Fig. 2B,Eubrontes,Jurassic,"Jurassic, Early",Theropoda,The2,41.44,24.53
gierlinski 1991 3,"Gierliński, 1991",Fig. 3 (lowest),Anomoepus,Jurassic,"Jurassic, Early",Ornithischia,Orn1,22.16,13.9
gierlinski 1991 4,"Gierliński, 1991",Fig. 4 (lowest),Moyenisauropus,Jurassic,"Jurassic, Early",Ornithischia,Orn2,40.11,24.22
gierlinski 1994 1,"Gierliński and Ahlberg, 1994",Fig. 3,Eubrontes,Triassic,"Triassic, Late",Theropoda,The2,45.78,26.91
gierlinski 1994 2,"Gierliński and Ahlberg, 1994",Fig. 4B,Eubrontes,Jurassic,"Jurassic, Ealry",Theropoda,The2,41.77,24.44
gierlinski 1996 1,"Gierliński, 1996",Fig. 2,Grallator,Jurassic,"Jurassic, Ealry",Theropoda,The2,28.61,21.32
gierlinski 1996 2,"Gierliński, 1996",Fig. 4,Kayentapus,Jurassic,"Jurassic, Ealry",Theropoda,The2,40.69,24.78
gierlinski 2001 1,"Gierliński et al., 2001",Fig. 3A,Megalosauripus,Jurassic,"Jurassic, Late",Theropoda,The3,57.05,36.9
gierlinski 2001 2,"Gierliński et al., 2001",Fig. 3B,Megalosauripus,Jurassic,"Jurassic, Early",Theropoda,The2,44.53,29.46
gierlinski 2004 1,"Gierliński et al., 2004",Fig. 8A,Kayentapus,Jurassic,"Jurassic, Ealry",Theropoda,The3,47.52,32.45
gierlinski 2004 2,"Gierliński et al., 2004",Fig. 8B,Eubrontes,Jurassic,"Jurassic, Ealry",Theropoda,The3,46.36,32.07
gierlinski 2004 3,"Gierliński et al., 2004",Fig. 8C,NA,Jurassic,"Jurassic, Ealry",Theropoda,The3,69.81,48.24
gierlinski 2004 4,"Gierliński et al., 2004",Fig. 11A,Anchisauripus,Jurassic,"Jurassic, Ealry",Theropoda,The1,22.39,15.76
gierlinski 2004 5,"Gierliński et al., 2004",Fig. 11B,Grallator,Jurassic,"Jurassic, Ealry",Theropoda,The1,7.34,5.58
gierlinski 2004 6,"Gierliński et al., 2004",Fig. 12A,Anomoepus,Jurassic,"Jurassic, Ealry",Ornithischia,Orn1,18.91,12.02
gierlinski 2008 1,"Gierliński et al., 2008",Fig. 3,NA,Cretaceous,"Cretaceous, Late",Ornithischia,Orn3,75.08,42.38
gierlinski 2008 2,"Gierliński et al., 2008",Fig. 5A,Iguanodontipus,Cretaceous,"Cretaceous, Early",Ornithischia,Orn3,59.05,29.38
gierlinski 2008 3,"Gierliński et al., 2008",Fig. 5B,Caririchnium,Cretaceous,NA,Ornithischia,Orn2,47.26,25.16
gierlinski 2008 4,"Gierliński et al., 2008",Fig. 5C,Amblydactylus,Cretaceous,"Cretaceous, Early",Ornithischia,Orn3,70.37,37.35
gierlinski 2008b 1,"Gierliński and Sabath, 2008",Fig. 7B,Dinehichnus,Jurassic,"Jurassic, Late",Ornithischia,Orn2,34.82,20.48
gierlinski 2009 1,"Gierliński et al., 2009b",Fig. 5B,Jialingpus,Jurassic,"Jurassic, Late",Theropoda,The1,15.76,12.46
gierlinski 2009 2,"Gierliński et al., 2009b",Fig. 7A,Dinehichnus,Jurassic,"Jurassic, Late",Ornithischia,Orn2,30.05,16.41
gierlinski 2009 3,"Gierliński et al., 2009b",Fig. 7B,Dinehichnus,Jurassic,"Jurassic, Late",Ornithischia,Orn1,27.18,15.31
gierlinski 2009 4,"Gierliński et al., 2009b",Fig. 7C,Dinehichnus,Jurassic,"Jurassic, Late",Ornithischia,Orn1,28.82,16.87
gierlinski 2009 5,"Gierliński et al., 2009b",Fig. 8A,Dinehichnus,Jurassic,"Jurassic, Late",Ornithischia,Orn1,24.22,13.14
gierlinski 2009 6,"Gierliński et al., 2009b",Fig. 8B,NA,Jurassic,"Jurassic, Late",Ornithischia,Orn2,30.03,16.71
gierlinski 2009b 1,"Gierliński et al., 2009a",Fig. 2 B,Changpeipus,Jurassic,"Jurassic, Middle",Theropoda,The3,48.18,31.63
gierlinski 2009b 2,"Gierliński et al., 2009a",Fig. 3 E,NA,Jurassic,"Jurassic, Middle",Ornithischia,Orn2,33.55,20.65
gierlinski 2009b 3,"Gierliński et al., 2009a",Fig. 3 D,Therangospodus,Jurassic,"Jurassic, Middle",Theropoda,The2,41.25,26.17
gierlinski 2009b 4,"Gierliński et al., 2009a",Fig. 3 C,Carmelopodus,Jurassic,"Jurassic, Middle",Theropoda,The1,19.54,10.37
gierlinski 2009b 5,"Gierliński et al., 2009a",Fig. 3 B,Jialingpus,Jurassic,"Jurassic, Middle",Theropoda,The1,13.98,10.57
henderson 2017 1,"Henderson, 2017",Fig. 4B,NA,Cretaceous,"Cretaceous, Early",Ornithischia,Orn3,78.82,42.94
herrero 2016 1,"Herrero et al., 2016",Fig. 12,NA,Cretaceous,"Cretaceous, Late",Ornithischia,Orn2,49.37,29.86
huh 2003 1,"Huh et al., 2003",Fig. 4A (first track),NA,Cretaceous,NA,Ornithischia,Orn3,72.16,41.93
huh 2003 2,"Huh et al., 2003",Fig. 4B (first track),Caririchnium,Cretaceous,"Cretaceous, Late",Ornithischia,Orn3,69.36,39.53
ishigaki 1989 1,"Ishigaki and Fujisaki, 1989",Fig. 48.1 ,Eubrontes,Jurassic,"Jurassic, Early",Theropoda,The3,54.8,33.93
kellner 2012 1,"Kellner et al., 2012",Fig. 5 A2 (NV/UHUL-T1-2),NA,Jurassic,"Jurassic, Early",Theropoda,The3,53.5,36.85
kellner 2012 2,"Kellner et al., 2012",Fig. 5 I1 (NV/LHLL-T1-1),NA,Jurassic,"Jurassic, Early",Theropoda,The2,31.98,20.75
kim 2016 1,"Kim et al., 2016",Fig. 2E,Caririchnium,Cretaceous,"Cretaceous, Early",Ornithischia,Orn3,62.86,38.86
kim 2017 1,"Kim et al., 2017",Fig. 6A (left),Grallator,Cretaceous,"Cretaceous, Early",Theropoda,The1,20,14.89
kim 2017 2,"Kim et al., 2017",Fig. 6E,Asianopodus,Cretaceous,"Cretaceous, Early",Theropoda,The2,34.76,25.9
kim 2017 3,"Kim et al., 2017",Fig. 7B (HTD 011),Corpulentatpus,Cretaceous,"Cretaceous, Early",Theropoda,The1,24.95,15.46
lallensack 2015 1,"Lallensack et al., 2015",Fig. 7,NA,Jurassic,"Jurassic, Late",Theropoda,The3,79.12,43.36
lallensack 2016 1,"Lallensack et al., 2016",Fig. 3A,NA,Cretaceous,"Cretaceous, Early",Theropoda,The2,41.22,26.84
lallensack 2016 2,"Lallensack et al., 2016",Fig. 3B,NA,Cretaceous,"Cretaceous, Early",Theropoda,The3,60.79,35.78
lallensack 2016 3,"Lallensack et al., 2016",Fig. 4 (upper left),NA,Cretaceous,"Cretaceous, Early",Ornithischia,Orn3,57.64,32.35
leonardi 1980 1,"Leonardi, 1980",FIg. 1,NA,NA,NA,Theropoda,The2,45.01,25.92
leonardi 1980 2,"Leonardi, 1980",Fig. 2,NA,NA,NA,Theropoda,The2,44.08,27.21
leonardi 1980 3,"Leonardi, 1980",Fig. 6 (lowest),NA,NA,NA,Theropoda,The3,46.03,26.46
leonardi 1980 4,"Leonardi, 1980",Fig. 11,NA,NA,NA,Theropoda,The2,34.05,21.25
leonardi 1980 5,"Leonardi, 1980","Fig, 4",NA,NA,NA,Theropoda,The2,26.94,18.2
leonardi 1984 1,"Leonardi, 1984",Fig. 9 (35),NA,Cretaceous,"Cretaceous, Early",Theropoda,The2,34.74,21.77
leonardi 2004 1,"Leonardi and Dos Santos, 2004",Fig. 4A,NA,Cretaceous,"Cretaceous, Early",Theropoda,The3,78.99,38.68
li 2006 1,"Li et al., 2006",Fig. 15,NA,Cretaceous,"Cretaceous, Early",Ornithischia,Orn2,50.57,33.27
li 2011 1,"Li et al., 2011",Fig. 9D,Corpulentapus,Cretaceous,NA,Theropoda,The1,27.92,15.91
li 2012 1,"Li et al., 2012",Fig. 11B (second pes),Shenmuichnus,Jurassic,"Jurassic, Early",Ornithischia,Orn1,58.1,35.79
li 2012 2,"Li et al., 2012",Fig. 12A (right),Shenmuichnus,NA,"Triassic, Late",Ornithischia,Orn3,42.29,25.95
li 2012 3,"Li et al., 2012",Fig. 12D (second track),Anomoepus,Jurassic,NA,Ornithischia,Orn2,25.86,16.6
li 2012 4,"Li et al., 2012",Fig. 12E (first track),Anomoepus,Jurassic,NA,Ornithischia,Orn1,18.56,11.96
li 2015 1,"Li et al., 2015",Fig. 5B (second track),NA,Cretaceous,"Cretaceous, Early",Ornithischia,Orn2,42.91,20.83
li 2015 2,"Li et al., 2015","Fig. 6A (right, second track)",NA,Cretaceous,"Cretaceous, Early",Ornithischia,Orn2,54.6,30.15
li 2015 3,"Li et al., 2015",Fig. 13 T1 (track 2),Asianopodus,Cretaceous,"Cretaceous, Early",Theropoda,The1,25.51,15.38
li 2015 4,"Li et al., 2015","Fig. 18 (bottom, first track)",NA,Cretaceous,"Cretaceous, Early",Ornithischia,Orn2,44.11,29.33
lim 2012 1,"Lim et al., 2012",Fig. 2,Caririchnium,Cretaceous,"Cretaceous, Late",Ornithischia,Orn3,60.7,36.22
lockley 1987 1,"Lockley, 1987",Fig. 5D (track 7),NA,Cretaceous,"Cretaceous, Late",Ornithischia,Orn3,73.75,41.62
lockley 1987 2,"Lockley, 1987",Fig. 5A (track 1),Caririchnium,Cretaceous,"Cretaceous, Late",Ornithischia,Orn3,68.43,39.34
lockley 1994 1,"Lockley and Hunt, 1994",Fig. 2,Tyrannosauripus,Cretaceous,"Cretaceous, Late",Theropoda,The3,117.27,76.35
lockley 1996 1,"Lockley et al., 1996",Fig. 9 (upper right),Grallator,Triassic,"Triassic, Late",Theropoda,The1,13.24,10.05
lockley 1998 1,"Lockley and Matsukawa, 1998",Fig. 5B,NA,NA,NA,Theropoda,The1,12.68,8.19
lockley 1998b 1,"Lockley et al., 1998b",Fig. 11 (left),Megalosauripus,Jurassic,"Jurassic, Late",Theropoda,The3,57.45,40.06
lockley 1998b 2,"Lockley et al., 1998b",Fig. 8 (upper right),Megalosauripus,Jurassic,"Jurassic, Late",Theropoda,The3,59.64,39.69
lockley 1998b 3,"Lockley et al., 1998b",Fig. 8 (lower left),Megalosauripus,Jurassic,"Jurassic, Late",Theropoda,The3,51.56,38.33
lockley 1998b 4,"Lockley et al., 1998b",Fig. 8 (lower right),Megalosauripus,Jurassic,"Jurassic, Late",Theropoda,The3,77.02,52.67
lockley 1998c 1,"Lockley et al., 1998c",Fig. 1A,Therangospodus,Jurassic,"Jurassic, Late",Theropoda,The2,32.06,22.13
lockley 1998c 2,"Lockley et al., 1998c",Fig. 6E,Therangospodus,Jurassic,"Jurassic, Late",Theropoda,The2,34.77,24.3
lockley 1998c 3,"Lockley et al., 1998c",Fig. 6F,Therangospodus,Jurassic,"Jurassic, Late",Theropoda,The2,36.92,26.1
lockley 1998c 4,"Lockley et al., 1998c",Fig. 6G,Therangospodus,Jurassic,"Jurassic, Late",Theropoda,The2,34.99,26.07
lockley 1998c 5,"Lockley et al., 1998c",Fig. 9,Therangospodus,Jurassic,"Jurassic, Late",Theropoda,The2,36.51,21.97
lockley 1998d 1,"Lockley et al., 1998a",Fig. 8,Grallator,NA,NA,Theropoda,The1,17.23,11.21
lockley 2000 1,"Lockley et al., 2000",Fig. 7 left (second track),NA,Cretaceous,NA,Ornithischia,Orn2,32.63,19.44
lockley 2001 1,"Lockley et al., 2001","Fig. 30.4 (left, first track)",NA,Cretaceous,"Cretaceous, Early",Ornithischia,Orn3,74.76,39.88
lockley 2001 2,"Lockley et al., 2001",Fig. 30.4 (upper right),NA,Cretaceous,"Cretaceous, Early",Ornithischia,Orn3,69,39.98
lockley 2001 3,"Lockley et al., 2001","Fig. 30.4 (lower right, second track) ",NA,Cretaceous,"Cretaceous, Early",Ornithischia,Orn3,58.46,28.21
lockley 2002b 1,"Lockley et al., 2002",Fig. 6A (uppermost track),NA,Cretaceous,"Cretaceous, Late",NA,NA,32.21,16.33
lockley 2003 1,"Lockley et al., 2003",Fig. 8 (first track),Hadrosauropodus,Cretaceous,"Cretaceous, Late",Ornithischia,Orn3,133.36,72.72
lockley 2004 1,"Lockley et al., 2004","Fig. 7 (upper right, track 2)",Iguanodontipus,Cretaceous,"Cretaceous, Early",Ornithischia,Orn3,56.64,30.17
lockley 2006 2,"Lockley and Gierliński, 2006",Fig. 5A (second track),Grallator,Jurassic,"Jurassic, Early",Theropoda,The2,26.97,19.32
lockley 2006b 1,"Lockley et al., 2006b",Fig. 5A,Siamopodus,Cretaceous,"Cretaceous, Early",Theropoda,The3,47.72,29.79
lockley 2006b 2,"Lockley et al., 2006b",Fig. 7A,NA,Cretaceous,"Cretaceous, Early",Theropoda,The3,66.02,39.27
lockley 2006c 1,"Lockley et al., 2006a",Fig. 6B,Kayentapus,Jurassic,"Jurassic, Early",Theropoda,The3,70.76,41.88
lockley 2006c 2,"Lockley et al., 2006a",Fig. 6C,Eubrontes,Jurassic,"Jurassic, Early",Theropoda,The3,53.69,37.22
lockley 2007 1,"Lockley et al., 2007",Fig. 7B,Grallator,Jurassic,"Jurassic, Early",Theropoda,The1,9.08,7.25
lockley 2007 2,"Lockley et al., 2007",Fig. 7B,Grallator,Jurassic,"Jurassic, Early",Theropoda,The1,9.12,6.95
lockley 2008 1,"Lockley et al., 2008",Fig. 4D,NA,Jurassic,"Jurassic, Late",Theropoda,The1,17,12.41
lockley 2008 2,"Lockley et al., 2008",Fig. 4G,NA,Jurassic,"Jurassic, Late",Theropoda,The1,20.47,15.66
lockley 2008 3,"Lockley et al., 2008",Fig. 7B,Hispanosauropus,Jurassic,"Jurassic, Late",Theropoda,The3,50.18,32.21
lockley 2008 4,"Lockley et al., 2008",Fig. 7F,Hispanosauropus,Jurassic,"Jurassic, Late",Theropoda,The3,81.63,56.97
lockley 2008b 1,"Lockley et al., 2008",Fig. 3,Minisauripus,Cretaceous,"Cretaceous, Late",Theropoda,The1,3.48,2.46
lockley 2008b 2,"Lockley et al., 2008",Fig. 6 (left detail),Minisauripus,Cretaceous,"Cretaceous, Early",Theropoda,The1,4.36,3.35
lockley 2008b 3,"Lockley et al., 2008",Fig. 6 (right detail),Minisauripus,Cretaceous,"Cretaceous, Early",Theropoda,The1,4.09,3.18
lockley 2008b 4,"Lockley et al., 2008",Fig. 10 (A),Minisauripus,Cretaceous,"Cretaceous, Early",Theropoda,The1,6.76,5.13
lockley 2009 1,"Lockley et al., 2009",Fig. 7A (third track),NA,NA,NA,Ornithischia,Orn2,33.49,21.54
lockley 2009 2,"Lockley et al., 2009","Fig. 8 (right; upper left, track 6)",Neoanomoepus,Cretaceous,"Cretaceous, Early",Ornithischia,Orn1,18.03,11.41
lockley 2009 3,"Lockley et al., 2009","Fig. 8 (right, upper right, track 2)",Neoanomoepus,Cretaceous,"Cretaceous, Early",Ornithischia,Orn1,17.72,10.66
lockley 2009 4,"Lockley et al., 2009","Fig. 7 (upper, first track)",Dinehichnus,Jurassic,"Jurassic, Early",Ornithischia,Orn2,36.32,21.1
lockley 2009 5,"Lockley et al., 2009","Fig. 7 (lower, first track)",Dinehichnus,Jurassic,"Jurassic, Early",Ornithischia,Orn1,19.32,11.53
lockley 2011 1,"Lockley et al., 2011",Fig. 10A,Ornithomimipus,Cretaceous,"Cretaceous, Late",Theropoda,The3,70.7,44.69
lockley 2011 2,"Lockley et al., 2011",Fig. 10B (7),Ornithomimipus,Cretaceous,"Cretaceous, Late",Theropoda,The2,38.36,22.9
lockley 2011 3,"Lockley et al., 2011",Fig. 10B (8),Ornithomimipus,Cretaceous,"Cretaceous, Late",Theropoda,The2,37.97,25.31
lockley 2011 4,"Lockley et al., 2011",Fig. 10B (14),Ornithomimipus,Cretaceous,"Cretaceous, Late",Theropoda,The2,45.78,25.26
lockley 2012 1,"Lockley et al., 2012",Fig. 5,Ornithopodichnus,Cretaceous,"Cretaceous, Late",Ornithischia,Orn1,26.54,13.7
lockley 2013 1,"Lockley et al., 2013",Fig. 2C,Changpeipus,Jurassic,"Jurassic, Early",Theropoda,The3,47.47,32.75
lockley 2013 2,"Lockley et al., 2013",Fig. 2P,Weiyuanpus,Jurassic,"Jurassic, Early",Theropoda,The3,51.48,35.49
lockley 2013 3,"Lockley et al., 2013",Fig. 2N,Jinlijingpus,Jurassic,"Jurassic, Early",Theropoda,The2,40.47,25.75
lockley 2013 4,"Lockley et al., 2013",Fig. 3A,Yangtzepus,Jurassic,"Jurassic, Early",Theropoda,The2,31.22,23.28
lockley 2013 6,"Lockley et al., 2013",Fig. 5E,Chapus,Cretaceous,"Cretaceous, Early",Theropoda,The2,34.9,22.54
lockley 2014 1,"Lockley et al., 2014d",Fig. 8B,Irenesauripus,Cretaceous,"Cretaceous, Early",Theropoda,The3,57.93,38.91
lockley 2014b 1,"Lockley et al., 2014e",Fig. 3F,Irenesauripus,Cretaceous,NA,Theropoda,The2,35.41,22.69
lockley 2014b 2,"Lockley et al., 2014e",Fig. 3E,Irenesauripus,Cretaceous,NA,Theropoda,The2,41.2,27.6
lockley 2014b 3,"Lockley et al., 2014e","Fig. 3D, upper",Irenesauripus,Cretaceous,NA,Theropoda,The3,53.16,31.57
lockley 2014b 4,"Lockley et al., 2014e",Fig. 5 (O7),Caririchnium,Cretaceous,NA,Ornithischia,Orn3,59.44,30.51
lockley 2014c 1,"Lockley et al., 2014b",Fig. 6,Eubrontes,Jurassic,"Jurassic, Early",Theropoda,The3,51.36,34.5
lockley 2014d 1,"Lockley et al., 2014c",Fig. 8B (first track),NA,Cretaceous,"Cretaceous, Early",Ornithischia,Orn3,65.59,37.96
lockley 2014e 1,"Lockley et al., 2014f",Fig. 3 (no. 1),NA,Cretaceous,NA,Ornithischia,Orn2,38.63,21.76
lockley 2014f 1,"Lockley et al., 2014g",Fig. 4b (track 1),NA,Cretaceous,NA,Ornithischia,Orn2,48.63,29.9
lockley 2014g 1,"Lockley et al., 2014a","Fig. 3a (detail, track 1)",NA,Cretaceous,NA,Ornithischia,Orn3,80.08,42.86
lockley 2014g 2,"Lockley et al., 2014a",Fig. 4 (track 53),NA,Cretaceous,NA,Ornithischia,Orn3,63.95,35.62
lockley 2014h 1,"Lockley et al., 2014h",Fig. 10 (left),NA,Cretaceous,"Cretaceous, Late",Theropoda,The3,105.36,63.83
marty 2017 1,"Marty et al., 2017",Fig. 5B,Jurabrontes,Jurassic,"Jurassic, Late",Theropoda,The3,81.81,49.66
marty 2017 2,"Marty et al., 2017",Fig. 6K,Jurabrontes,Jurassic,"Jurassic, Late",Theropoda,The3,108.26,73.61
masrour 2017 1,"Masrour et al., 2017",Fig. 7 (3.1ANZ15.1),NA,Cretaceous,"Cretaceous, Late",Theropoda,The1,24.24,17.83
masrour 2017 2,"Masrour et al., 2017",Fig. 7 (4.1ANZ1.1),NA,Cretaceous,"Cretaceous, Late",Theropoda,The2,37.34,24.89
mateus 2003 1,"Mateus and Miguel, 2003",Fig. 4A,NA,Cretaceous,"Cretaceous, Early",Theropoda,The3,56.67,35.16
mateus 2003 2,"Mateus and Miguel, 2003",Fig. 4P,NA,Cretaceous,"Cretaceous, Early",Ornithischia,Orn3,68.17,43.45
matsukawa 1997 1,"Matsukawa et al., 1997",Fig. 3A,Toyamasauripus,Cretaceous,"Cretaceous, Early",Theropoda,The1,13.92,9.07
matsukawa 1997 2,"Matsukawa et al., 1997",Fig. 3H,Toyamasauripus,Cretaceous,"Cretaceous, Early",Theropoda,The1,8.03,4.63
matsukawa 1997 3,"Matsukawa et al., 1997",Fig. 3H,Toyamasauripus,Cretaceous,"Cretaceous, Early",Theropoda,The1,8.35,4.75
matsukawa 2006 1,"Matsukawa et al., 2006",Fig. 3 (upper right),NA,NA,NA,Ornithischia,Orn2,48.84,26.64
matsukawa 2006 3,"Matsukawa et al., 2006",Fig. 4B (second track),NA,Cretaceous,"Cretaceous, Late",Theropoda,The1,25.61,18.53
matsukawa 2006 4,"Matsukawa et al., 2006",Fig. 4B (second track),NA,Cretaceous,"Cretaceous, Late",Theropoda,The2,26.87,19.5
matsukawa 2006 5,"Matsukawa et al., 2006",Fig. 9B (upper right),NA,Cretaceous,"Cretaceous, Early",Theropoda,The2,45.8,28.71
matsukawa 2006 6,"Matsukawa et al., 2006",Fig. 9C (lower right),NA,Cretaceous,"Cretaceous, Early",Theropoda,The3,71.82,37.43
mccrea 2014 1,"McCrea et al., 2014a",Fig. 8 (track 2),Bellatoripes,Cretaceous,"Cretaceous, Late",Theropoda,The3,96.95,59.22
mccrea 2014b 1,"McCrea et al., 2014",Fig. 74,NA,Cretaceous,"Cretaceous, Late",Theropoda,The2,39.47,22.51
meyer 2003 1,"Meyer and Thuring, 2003",Fig. 5B (TR1 R2),Iguanodontipus,Cretaceous,"Cretaceous, Early",Ornithischia,Orn2,42.33,22.42
milan 2015 1,"Milàn and Surlyk, 2015",Fig. 3,NA,Jurassic,"Jurassic, Early",Theropoda,The1,4.88,2.97
milner 2006 1,"Milner et al., 2006",Fig. 4D,NA,Cretaceous,"Cretaceous, Late",Ornithischia,Orn2,54.54,31.17
milner 2006 2,"Milner et al., 2006",Fig. 4H,NA,Cretaceous,"Cretaceous, Late",Ornithischia,Orn3,119.17,74.22
milner 2006b 3,"Milner and Lockley, 2006",Fig. 17A,Eubrontes,Jurassic,"Jurassic, Early",Theropoda,The3,54.68,36.09
niedzwiedzki 2004 1,"Niedźwiedzki and Pieńkowski, 2004",Fig. 3A,Anchisauripus,Jurassic,"Jurassic, Early",Theropoda,The1,25.57,19.16
niedzwiedzki 2004 2,"Niedźwiedzki and Pieńkowski, 2004",Fig. 3B,Kayentapus,Jurassic,"Jurassic, Ealry",Theropoda,The1,25.46,14.55
olsen 1980 1,"Olsen, 1980",Fig. 5G,Grallator,Triassic,"Triassic, Late",Theropoda,The1,9.46,6.58
olsen 1980 2,"Olsen, 1980",Fig. 20A (a),Grallator,Jurassic,"Jurassic, Early",Theropoda,The1,3.48,2.8
olsen 1980 3,"Olsen, 1980",Fig. 20A (d),Grallator,Jurassic,"Jurassic, Early",Theropoda,The1,16.38,12.57
olsen 1980 4,"Olsen, 1980",Fig. 20A (g),Grallator,Jurassic,"Jurassic, Early",Theropoda,The2,31.97,22.17
olsen 1980 5,"Olsen, 1980",Fig. 20B (lowest),Anomoepus,Jurassic,"Jurassic, Early",Ornithischia,Orn1,16.44,10.16
olsen 1984 3,"Olsen and Galton, 1984",Fig. 3I (c),Grallator,Triassic,"Triassic, Late",Theropoda,The2,32.35,22.34
olsen 1984 4,"Olsen and Galton, 1984",Fig. 3I (e),Grallator,Triassic,"Triassic, Late",Theropoda,The3,48.28,36.52
olsen 1984 8,"Olsen and Galton, 1984",Fig. 4B (e),Anchisauripus,Jurassic,"Jurassic, Early",Theropoda,The2,38.93,27.47
olsen 1998 1,"Olsen et al., 1998",Fig. 5A,Eubrontes,Jurassic,"Jurassic, Early",Theropoda,The3,47.54,35.07
olsen 2003 1,"Olsen and Rainforth, 2003",Fig. 19.11 B (second pes of trackway),Anomoepus,Jurassic,"Jurassic, Early",Ornithischia,Orn1,11.18,7.42
olsen 2003 2,"Olsen and Rainforth, 2003",Fig. 19.20 B (second pes),Anomoepus,Jurassic,"Jurassic, Early",Ornithischia,Orn1,7.23,4.89
olsen 2003 3,"Olsen and Rainforth, 2003",Fig. 19.24 B (third pes),Anomoepus,Jurassic,"Jurassic, Early",Ornithischia,Orn1,12.81,8.54
olsen 2003 4,"Olsen and Rainforth, 2003",Fig. 19.29 B (second pes),Apatichnus,Jurassic,"Jurassic, Early",Ornithischia,Orn1,22.87,13.52
olsen 2003 5,"Olsen and Rainforth, 2003",Fig. 19.23 D,Anomoepus,Jurassic,"Jurassic, Early",Ornithischia,Orn1,15.73,10.82
pascual-arribas 2009 1,"Pascual-Arribas et al., 2009","Fig. 4 (left trackway, second track)",Iguanodontipus,Cretaceous,"Cretaceous, Early",Ornithischia,Orn3,54.84,29.82
pascual-arribas 2009 2,"Pascual-Arribas et al., 2009","Fig. 4 (middle trackway, first track)",Iguanodontipus,Cretaceous,"Cretaceous, Early",Ornithischia,Orn3,59.02,29.22
pascual-arribas 2009 3,"Pascual-Arribas et al., 2009","Fig. 4 (right trackway, third track)",Iguanodontipus,Cretaceous,"Cretaceous, Early",Ornithischia,Orn3,67,35.15
pittman 1989 1,"Pittman, 1989",Fig. 15.8 A,NA,Cretaceous,"Cretaceous, Early",Theropoda,The3,75.29,51.39
pittman 1989 2,"Pittman, 1989",Fig. 15.8 J,NA,Cretaceous,"Cretaceous, Early",Theropoda,The3,71.47,48.02
pittman 1989 3,"Pittman, 1989",Fig. 15.8 F,NA,Cretaceous,"Cretaceous, Early",Theropoda,The3,57.66,38.09
raath 1972 1,"Raath, 1972",Fig. 1B,NA,NA,NA,Theropoda,The1,13.62,8.28
rainforth 1996 2,"Rainforth and Lockley, 1996",Fig. 1A,Eubrontes,NA,NA,Theropoda,The2,42.21,28.54
razzolini 2017 1,"Razzolini et al., 2017",Fig. 4A,Megalosauripus,Jurassic,"Jurassic, Late",Theropoda,The3,46.2,30.81
razzolini 2017 2,"Razzolini et al., 2017",Fig. 4F,Megalosauripus,Jurassic,"Jurassic, Late",Theropoda,The3,51.32,36.42
razzolini 2017 3,"Razzolini et al., 2017",Fig. 4G,Megalosauripus,Jurassic,"Jurassic, Late",Theropoda,The3,51.4,35.97
razzolini 2017 4,"Razzolini et al., 2017",Fig. 4B,Megalosauripus,Jurassic,"Jurassic, Late",Theropoda,The3,56.1,40.42
razzolini 2017 5,"Razzolini et al., 2017",Fig. 4C,Megalosauripus,Jurassic,"Jurassic, Late",Theropoda,The2,45.83,31.3
razzolini 2017 6,"Razzolini et al., 2017",Fig. 4N,Megalosauripus,Jurassic,"Jurassic, Late",Theropoda,The3,52.84,35.64
rodriguez de la rosa 2012 1,"Rodríguez-de la Rosa et al., 2012",Fig. 7B,NA,Cretaceous,"Cretaceous, Early",Ornithischia,Orn2,47.78,27.49
salisbury 2017 1,"Salisbury et al., 2017",Fig. 19G,Megalosauropus,Cretaceous,"Cretaceous, Early",Theropoda,The2,43.84,30.72
salisbury 2017 2,"Salisbury et al., 2017",Fig. 21C,Yangtzepus,Cretaceous,"Cretaceous, Early",Theropoda,The2,41.46,30
salisbury 2017 3,"Salisbury et al., 2017",Fig. 37C,Wintonopus,Cretaceous,"Cretaceous, Early",Ornithischia,Orn1,25.73,12.11
salisbury 2017 4,"Salisbury et al., 2017",Fig. 39C,Wintonopus,Cretaceous,"Cretaceous, Early",Ornithischia,Orn2,31.82,15.72
salisbury 2017 5,"Salisbury et al., 2017",Fig. 42C,Walmadanyichnus,Cretaceous,"Cretaceous, Early",Ornithischia,Orn3,97.48,51.46
salisbury 2017 6,"Salisbury et al., 2017",Fig. 43F,Walmadanyichnus,Cretaceous,"Cretaceous, Early",Ornithischia,Orn3,70.83,41.46
santos 2013 1,"Santos et al., 2013",Fig. 6A (fourth track),NA,Cretaceous,"Cretaceous, Early",Ornithischia,Orn3,71.81,40.69
shounan 1989 1,"Shounan et al., 1989",Fig. 19.3 D,Changpeipus,Jurassic,NA,Theropoda,The2,39.47,28.38
shounan 1989 2,"Shounan et al., 1989",Fig. 19.3 F,Youngichnus,Jurassic,"Jurassic, Early",Theropoda,The2,38.77,27.17
thulborn 1994 1,"Thulborn, 1994",Fig. 4A,Anomoepus,Jurassic,"Jurassic, Early",Ornithischia,Orn1,10.81,6.55
wagensommer 2012 1,"Wagensommer et al., 2012",Fig. 6H,Kayentapus,Jurassic,"Jurassic, Middle",Theropoda,The3,56.7,38.8
wagensommer 2012 2,"Wagensommer et al., 2012",Fig. 6S,Kayentapus,Jurassic,"Jurassic, Middle",Theropoda,The3,54.28,31.6
wagensommer 2016 1,"Wagensommer et al., 2016",Fig. 7a,Kayentapus,Jurassic,"Jurassic, Early",Theropoda,The2,39.16,26.88
wagensommer 2016 2,"Wagensommer et al., 2016",Fig. 12d,Eubrontes,Jurassic,"Jurassic, Early",Theropoda,The2,40.65,29.78
wang 2016 1,"Wang et al., 2016",Fig. 8,Pengxianpus,Jurassic,"Jurassic, Early",Theropoda,The2,35.7,24.07
weems 2006 4,"Weems, 2006",Fig. 4,Kayentapus,Triassic,"Triassic, Late",Theropoda,The2,40.65,27.59
weems 2006 5,"Weems, 2006",Fig. 4,Eubrontes,Triassic,"Triassic, Late",Theropoda,The3,61.89,40.55
xing 2011 1,"Xing et al., 2011",Fig. 9.G,NA,Cretaceous,"Cretaceous, Early",Theropoda,The1,17.13,12.9
xing 2011 2,"Xing et al., 2011",Fig 10C,NA,Cretaceous,"Cretaceous, Early",Theropoda,The1,25.64,19.16
xing 2011 3,"Xing et al., 2011",Fig 10D,NA,Cretaceous,"Cretaceous, Early",Theropoda,The1,19.18,14.46
xing 2011 4,"Xing et al., 2011",Fig 9E,Kayentapus,Cretaceous,"Cretaceous, Early",Theropoda,The1,20.58,12.64
xing 2011 5,"Xing et al., 2011",Fig 9F,Asianopodus,Cretaceous,"Cretaceous, Early",Theropoda,The2,41.05,28.13
xing 2013 1,"Xing et al., 2013b","Fig. 4, V1394-1",Chongqingpus,Jurassic,"Jurassic, Late",Theropoda,The2,38.63,25.98
xing 2013 2,"Xing et al., 2013b",Fig. 6. C,Chongqingpus,Jurassic,"Jurassic, Late",Theropoda,The2,37.63,26.82
xing 2013 3,"Xing et al., 2013b",Fig. 8 JJ4,NA,Jurassic,"Jurassic, Late",Theropoda,The2,36.2,24.62
xing 2013b 1,"Xing et al., 2013a",Fig. 4. B,Pengxianpus,Triassic,"Triassic, Late",Theropoda,The3,51.04,30.48
xing 2013c 1,"Xing et al., 2014c",Fig. 4b,NA,NA,NA,Theropoda,The1,24.82,16.35
xing 2013c 2,"Xing et al., 2014c",Fig. 7d,NA,NA,NA,Ornithischia,Orn1,21.91,12.28
xing 2014 1,"Xing et al., 2014i",Fig. 4B,Eubrontes,Jurassic,"Jurassic, Early",Theropoda,The3,59.18,39.3
xing 2014b 1,"Xing et al., 2014g",Fig. 6. A,Caririchnium,Cretaceous,"Cretaceous, Early",Ornithischia,Orn2,48.65,29.44
xing 2014b 2,"Xing et al., 2014g",Fig. 6 C lower track,Caririchnium,Cretaceous,"Cretaceous, Early",Ornithischia,Orn2,43.52,26.31
xing 2014b 3,"Xing et al., 2014g",Fig. 9. ZJIIN-T1-L2,NA,Cretaceous,"Cretaceous, Early",Theropoda,The2,35.82,24.09
xing 2014c 1,"Xing et al., 2014a",Fig. 9 B (SSIB59),Changpeipus,Jurassic,"Jurassic, Middle",Theropoda,The3,46.76,33.15
xing 2014c 2,"Xing et al., 2014a",Fig. 12E (ZLJ-ZQK2),Changpeipus,Jurassic,"Jurassic, Early",Theropoda,The2,37.94,25.51
xing 2014d 1,"Xing et al., 2014d",Fig. 5 (XYT1),Jialingpus,Cretaceous,"Cretaceous, Early",Theropoda,The1,15.85,10.7
xing 2014d 2,"Xing et al., 2014d",Fig. 5 (XYT2),Jialingpus,Cretaceous,"Cretaceous, Early",Theropoda,The1,13.74,9.3
xing 2014d 3,"Xing et al., 2014d",Fig. 5 (DJP4),Jialingpus,Cretaceous,"Cretaceous, Early",Theropoda,The1,20.69,15.17
xing 2014d 4,"Xing et al., 2014d",Fig. 7 (XYT7),Jialingpus,Cretaceous,"Cretaceous, Early",Theropoda,The1,20.96,14.81
xing 2014d 5,"Xing et al., 2014d",Fig. 8 (IVPP DT2),Jialingpus,Jurassic,"Jurassic, Late",Theropoda,The1,25.48,19.07
xing 2014d 6,"Xing et al., 2014d",Fig. 8 (IVPP DT1),Jialingpus,Jurassic,"Jurassic, Late",Theropoda,The1,19.37,14.5
xing 2014d 7,"Xing et al., 2014d",Fig. 8 (CU 199-36),Jialingpus,Jurassic,"Jurassic, Late",Theropoda,The1,11.27,8.65
xing 2014e 1,"Xing et al., 2014h",Fig. 5 A,NA,Jurassic,"Jurassic, Early",Theropoda,The1,13.33,9.88
xing 2014f 1,"Xing et al., 2014f",Fig. 6 F,Paracorpulentapus,Cretaceous,"Cretaceous, Late",Theropoda,The2,28.63,15.98
xing 2014f 2,"Xing et al., 2014f",Fig. 6 D,NA,Cretaceous,"Cretaceous, Late",Theropoda,The1,24.34,16.77
xing 2014g 1,"Xing et al., 2014b",Fig. 2,NA,Cretaceous,"Cretaceous, Early",Theropoda,The1,17.21,11.44
xing 2014h 1,"Xing et al., 2014b",Fig. 3 B,NA,Jurassic,"Jurassic, Early",Theropoda,The1,16.01,9.85
xing 2014i 1,"Xing and Lockley, 2014",Fig. 7,Ornithopodichnus,Cretaceous,"Cretaceous, Early",Ornithischia,Orn1,25.16,12.6
xing 2015 1,"Xing et al., 2015c",Fig. 5B,NA,Cretaceous,"Cretaceous, Early",Theropoda,The2,37.77,25.53
xing 2015b 1,"Xing et al., 2015a",Fig. 6 (upper left),Caririchnium,Cretaceous,"Cretaceous, Early",Ornithischia,Orn3,56.59,33.78
xing 2015b 2,"Xing et al., 2015a",Fig. 6 (upper middle),Caririchnium,Cretaceous,"Cretaceous, Early",Ornithischia,Orn2,34.8,18.58
xing 2015b 3,"Xing et al., 2015a","Fig. 6 (middle, left)",Caririchnium,Cretaceous,"Cretaceous, Early",Ornithischia,Orn3,63.81,38.64
xing 2015b 4,"Xing et al., 2015a",Fig. 6 (upper right),Caririchnium,Cretaceous,"Cretaceous, Early",Ornithischia,Orn3,77.26,42.61
xing 2015c 1,"Xing et al., 2015d",Fig. 7B,Caririchnium,Cretaceous,"Cretaceous, Early",Ornithischia,Orn2,35.26,21.19
xing 2015d 1,"Xing et al., 2015b",Fig. 5 HI3,NA,Jurassic,"Jurassic, Middle",Theropoda,The3,53.68,34
xing 2015d 2,"Xing et al., 2015b",Fig. 7B (bottom),Anomoepus,Jurassic,"Jurassic, Middle",Ornithischia,Orn1,14.22,7.55
xing 2016 1,"Xing et al., 2016d",Fig. 3 B (O9-L1),Caririchnium,Cretaceous,"Cretaceous, Early",Ornithischia,Orn2,52.19,28.24
xing 2016b 1,"Xing et al., 2016c",Fig. 6 (left),Shenmuichnus,Jurassic,"Jurassic, Early",Ornithischia,Orn2,36.46,19.08
xing 2016b 2,"Xing et al., 2016c",Fig. 6 (right),Shenmuichnus,Jurassic,"Jurassic, Early",Ornithischia,Orn2,36.31,18.59
xing 2016b 3,"Xing et al., 2016c","Fig. 7 (right, center)",Changpeipus,Jurassic,"Jurassic, Early",Theropoda,The3,53.19,33.81
xing 2016c 1,"Xing et al., 2016a",Fig. 2c,Anomoepus,Jurassic,"Jurassic, Early",Ornithischia,Orn1,9.53,5.53
xing 2016d 1,"Xing et al., 2017a",Fig. 4C,Anomoepus,Jurassic,"Jurassic, Early",Ornithischia,Orn1,10.71,4.33
xing 2016d 2,"Xing et al., 2017a",Fig. 5C,Anomoepus,Jurassic,"Jurassic, Early",Ornithischia,Orn1,15.99,8.18
xing 2016e 1,"Xing et al., 2016e",Fig. 3 (first track),Anomoepus,Jurassic,"Jurassic, Middle",Ornithischia,Orn1,14.41,9.67
xing 2016f 1,"Xing et al., 2016b",Fig. 6B,Anomoepus,Jurassic,"Jurassic, Early",Ornithischia,Orn1,19.82,10.03
xing 2016f 2,"Xing et al., 2016b",Fig. 7 (O2-R1),Anomoepus,Jurassic,"Jurassic, Early",Ornithischia,Orn1,17.49,9.6
xing 2016g 1,"Xing et al., 2016f",Fig. 3B (YMZ-T11-L2),Minisauripus,Cretaceous,"Cretaceous, Early",Theropoda,The1,4,2.64
xing 2016g 2,"Xing et al., 2016f",Fig. 3B (YMZ-T13-R1),Minisauripus,Cretaceous,"Cretaceous, Early",Theropoda,The1,3.89,2.65
xing 2016g 3,"Xing et al., 2016f",Fig. 5B (bottom),NA,Cretaceous,"Cretaceous, Early",Theropoda,The1,24.42,17.77
xing 2017 1,"Xing et al., 2017b",Fig. 6F,NA,Cretaceous,"Cretaceous, Late",Ornithischia,Orn3,103.89,51.52
xing 2017 2,"Xing et al., 2017b",Fig. 7B (second track),NA,Cretaceous,"Cretaceous, Late",Ornithischia,Orn2,35.18,19.58
zhen 1986 1,"Zhen et al., 1986",Fig. 5,Schizograllator,Jurassic,"Jurassic, Early",Theropoda,The2,44.37,27.21
